"","Condition","log2FC","p.value","counts","adj.p.value"
"1","ATG12",0.0367047882845297,0.00103169455857488,4872,0.00515847279287441
"2","CA",0.0323446628131987,1.66102279433217e-42,4872,8.30511397166083e-42
"3","CAB",0.0245883351605846,5.89505391646428e-09,4872,2.94752695823214e-08
"4","CABTEX",0.0204107297829887,1.58692809931278e-09,4872,7.9346404965639e-09
"5","CABTEXCCPG1",0.0266758346106753,0.00437592792357553,4872,0.0218796396178777
